<?xml version="1.0"?>
<doc>
    <assembly>
        <name>MPTWebApi5GetStarted.Service</name>
    </assembly>
    <members>
        <member name="T:MPTWebApi5GetStarted.Service.Controllers.OrderController">
            <summary>
            Kontroller for å håndtere MPT ordre
            </summary>
        </member>
        <member name="M:MPTWebApi5GetStarted.Service.Controllers.OrderController.GetOrderDOB(System.String,System.String,System.DateTime,System.String,System.String)">
            <summary>
            Returnerer alle åpne ordre på angitt dato
            </summary>
            <param name="dob">Pasientens fødselsdato</param>
            <param name="ssn">Pasientens personnummer</param>
            <param name="fromDate">Metoden skal returnere åpne ordre tilbake til denne datoen (yyyy-MM-dd)</param>
            <param name="terminalId">Terminalens ID</param>
            <param name="authKey">En nøkkel på minimum 20 karakterer bestående av tall og store og små bokstaver</param>
            <returns>Order-resultat med resultatkoder og order-array hvis funnet (returkode = 0)</returns>
        </member>
        <member name="M:MPTWebApi5GetStarted.Service.Controllers.OrderController.GetOpenOrders(System.DateTime,System.String,System.String)">
            <summary>
            Returnerer alle åpne ordre hvor patientsum > 0, og ordredato mellom dagens dato og dato angitt i date-parameteret.
            </summary>
            <param name="date">Metoden skal returnere ordre tilbake til og med denne datoen datoen (yyyy-MM-dd)</param>
            <param name="terminalId">Terminalens ID</param>
            <param name="authKey">En nøkkel på minimum 20 karakterer bestående av tall og store og små bokstaver</param>
            <returns>Order-resultat med resultatkoder og order-array hvis funnet (returkode = 0)</returns>
        </member>
        <member name="M:MPTWebApi5GetStarted.Service.Controllers.OrderController.GetOpenInvoices(System.DateTime,System.String,System.String)">
            <summary>
            Returnerer alle fakturaer med utestående sum tilbake til og med datoen spesifisert i date-parameteret. 
            Dette kallet brukes i de tilfeller man ikke kan opprette en ordre på flere avtaler eller endre fakturamottaker og liknende uten å fakturere ordren.
            </summary>
            <param name="date">Metoden skal returnere ordre tilbake til og med denne datoen datoen (yyyy-MM-dd)</param>
            <param name="terminalId">Terminalens ID</param>
            <param name="authKey">En nøkkel på minimum 20 karakterer bestående av tall og store og små bokstaver</param>
            <returns>Order-resultat med resultatkoder og order-array hvis funnet (returkode = 0)</returns>
        </member>
        <member name="M:MPTWebApi5GetStarted.Service.Controllers.OrderController.GetCreditedOrders(System.DateTime,System.String,System.String)">
            <summary>
            Metoden returnerer alle fakturerte ordre som har blitt krediterte/nullstilte/slettet på den spesifiserte datoen i date-parameteret.
            </summary>
            <param name="date">Ordre med denne krediteringsdatoen skal returneres (yyyy-MM-dd)</param>
            <param name="terminalId">Terminalens ID</param>
            <param name="authKey">En nøkkel på minimum 20 karakterer bestående av tall og store og små bokstaver</param>
            <returns>Order-resultat med resultatkoder og order-array hvis funnet (returkode = 0)</returns>
        </member>
        <member name="M:MPTWebApi5GetStarted.Service.Controllers.OrderController.CloseOrder(System.String,System.Int32,System.Decimal,System.Int32,System.DateTime,System.String,System.String,System.String)">
            <summary>
            Metoden kalles for å lukke en ordre som betalt eller fakturert. 
            Ordre som er lukket med payMethod 8 skal ikke lenger returneres av GetOpenOrders eller GetOpenInvoices. 
            Kun fakturaer lukket med payMethod = 8 kan lukkes med payMethod 3. 
            Kun åpne ordre skal kunne lukkes med payMethod 1 og 2. 
            CloseOrder skal ikke tillate å betale samme ordre/faktura flere ganger.
            </summary>
            <param name="orderNumber">Ordrenummer som skal lukkes</param>
            <param name="payMethod">Betalingsmetode: 1 = Betalt med kort. 2 = betalt med kontant. 3 = betalt med faktura. 8 = faktura generert</param>
            <param name="sum">Beløp betalt</param>
            <param name="cardType">Korttypen som regningen ble betalt med. Denne vil kun være med om payMethod = 1. Ellers 0.</param>
            <param name="ledgerId">Regnskapet regningen tilhører</param>
            <param name="paymentDate">Datoen betalingen ble registrert (yyyy-MM-ddTHH:mm:ss)</param>
            <param name="terminalId">Terminalens ID</param>
            <param name="authKey">En nøkkel på minimum 20 karakterer bestående av tall og store og små bokstaver</param>
            <returns>SingleResult med resultatkoder</returns>
        </member>
        <member name="M:MPTWebApi5GetStarted.Service.Controllers.OrderController.LockOrder(System.String,System.String,System.String)">
            <summary>
            Metoden brukes for å låse en ordre slik at ingen andre brukere kan endre på ordren innen den låses opp igjen. 
            Låsen må tidsavbrytes etter en kort periode, anbefalt 5 minutter. 
            Parameteret terminlaId brukes for autentisering ved LockOrder og UnLockOrder. 
            Om en bruker forsøker å endre en låst ordre anbefales det at EPJ informerer brukeren om hvilken terminalId som har låst ordren.
            </summary>
            <param name="orderNumber">Ordrenummer som skal låses</param>
            <param name="terminalId">Terminalens ID</param>
            <param name="authKey">En nøkkel på minimum 20 karakterer bestående av tall og store og små bokstaver</param>
            <returns>SingleResult med resultatkoder</returns>
        </member>
        <member name="M:MPTWebApi5GetStarted.Service.Controllers.OrderController.UnLockOrder(System.String,System.String,System.String)">
            <summary>
            Metoden brukes for å låse opp en ordre etter ordren er ferdig behandlet. 
            Parameteret terminlaId brukes for autentisering ved LockOrder og UnLockOrder.
            </summary>
            <param name="orderNumber">Ordrenummer som skal låses opp</param>
            <param name="terminalId">Terminalens ID</param>
            <param name="authKey">En nøkkel på minimum 20 karakterer bestående av tall og store og små bokstaver</param>
            <returns>SingleResult med resultatkoder</returns>
        </member>
        <member name="T:MPTWebApi5GetStarted.Service.Controllers.UserController">
            <summary>
            Kontroller for å håndtere MPT brukere
            </summary>
        </member>
        <member name="M:MPTWebApi5GetStarted.Service.Controllers.UserController.GetUserInfo(System.String,System.String,System.String,System.String)">
            <summary>
            Returnerer opplysninger på brukeren Signature-parameteret tilhører og regnskapet ledgerId er tilknyttet. 
            Signature må være unikt for klinikk eller regnskap, slik at kallet kun returnerer et resultat på behandler og regnskap. 
            Signature og ledgerID som oppgis er de verdiene med samme navn som er hentet med GetOrderDOB, GetOpenOrders og/eller GetOpenInvoices.
            </summary>
            <param name="initials">Behandlerens unike signatur i EPJ</param>
            <param name="ledgerId">Regnskaps-ID</param>
            <param name="terminalId">Terminalens ID</param>
            <param name="authKey">En nøkkel på minimum 20 karakterer bestående av tall og store og små bokstaver</param>
            <returns>UserInfo-resultat med resultatkoder og userinfo-array hvis funnet (returkode = 0)</returns>
        </member>
        <member name="T:MPTWebApi5GetStarted.Service.Helper.PopulateHelper">
            <summary>
            Init Helper
            </summary>
        </member>
    </members>
</doc>
